-- phpMyAdmin SQL Dump
-- version 5.2.1
-- https://www.phpmyadmin.net/
--
-- 主機： 127.0.0.1
-- 產生時間： 2024-08-24 21:56:37
-- 伺服器版本： 10.4.32-MariaDB
-- PHP 版本： 8.2.12

SET SQL_MODE = "NO_AUTO_VALUE_ON_ZERO";
START TRANSACTION;
SET time_zone = "+00:00";


/*!40101 SET @OLD_CHARACTER_SET_CLIENT=@@CHARACTER_SET_CLIENT */;
/*!40101 SET @OLD_CHARACTER_SET_RESULTS=@@CHARACTER_SET_RESULTS */;
/*!40101 SET @OLD_COLLATION_CONNECTION=@@COLLATION_CONNECTION */;
/*!40101 SET NAMES utf8mb4 */;

--
-- 資料庫： `violin`
--

-- --------------------------------------------------------

--
-- 資料表結構 `address_city`
--

CREATE TABLE `address_city` (
  `address_city_id` int(10) NOT NULL,
  `address_city_name` varchar(12) DEFAULT NULL
) ENGINE=InnoDB DEFAULT CHARSET=utf8mb4 COLLATE=utf8mb4_general_ci;

--
-- 傾印資料表的資料 `address_city`
--

INSERT INTO `address_city` (`address_city_id`, `address_city_name`) VALUES
(1, '台北市'),
(2, '高雄市'),
(3, '新北市'),
(4, '台中市'),
(5, '台南市'),
(6, '桃園市'),
(7, '宜蘭縣'),
(8, '新竹縣'),
(9, '苗栗縣'),
(10, '彰化縣'),
(11, '南投縣'),
(12, '雲林縣'),
(13, '嘉義縣'),
(14, '屏東縣'),
(15, '臺東縣'),
(16, '花蓮縣'),
(17, '澎湖縣'),
(18, '基隆市'),
(19, '新竹市'),
(20, '嘉義市'),
(21, '連江縣'),
(22, '金門縣');

-- --------------------------------------------------------

--
-- 資料表結構 `address_cityarea`
--

CREATE TABLE `address_cityarea` (
  `address_cityarea_id` int(10) NOT NULL,
  `address_city_id` int(10) DEFAULT NULL,
  `address_cityarea_name` varchar(12) DEFAULT NULL
) ENGINE=InnoDB DEFAULT CHARSET=utf8mb4 COLLATE=utf8mb4_general_ci;

--
-- 傾印資料表的資料 `address_cityarea`
--

INSERT INTO `address_cityarea` (`address_cityarea_id`, `address_city_id`, `address_cityarea_name`) VALUES
(1, 1, '松山區'),
(2, 1, '信義區'),
(3, 1, '大安區'),
(4, 1, '中山區'),
(5, 1, '中正區'),
(6, 1, '大同區'),
(7, 1, '萬華區'),
(8, 1, '文山區'),
(9, 1, '南港區'),
(10, 1, '內湖區'),
(11, 1, '士林區'),
(12, 1, '北投區'),
(13, 2, '鹽埕區'),
(14, 2, '鼓山區'),
(15, 2, '左營區'),
(16, 2, '楠梓區'),
(17, 2, '三民區'),
(18, 2, '新興區'),
(19, 2, '前金區'),
(20, 2, '苓雅區'),
(21, 2, '前鎮區'),
(22, 2, '旗津區'),
(23, 2, '小港區'),
(24, 2, '鳳山區'),
(25, 2, '林園區'),
(26, 2, '大寮區'),
(27, 2, '大樹區'),
(28, 2, '大社區'),
(29, 2, '仁武區'),
(30, 2, '鳥松區'),
(31, 2, '岡山區'),
(32, 2, '橋頭區'),
(33, 2, '燕巢區'),
(34, 2, '田寮區'),
(35, 2, '阿蓮區'),
(36, 2, '路竹區'),
(37, 2, '湖內區'),
(38, 2, '茄萣區'),
(39, 2, '永安區'),
(40, 2, '彌陀區'),
(41, 2, '梓官區'),
(42, 2, '旗山區'),
(43, 2, '美濃區'),
(44, 2, '六龜區'),
(45, 2, '甲仙區'),
(46, 2, '杉林區'),
(47, 2, '內門區'),
(48, 2, '茂林區'),
(49, 2, '桃源區'),
(50, 2, '那瑪夏區'),
(51, 3, '板橋區'),
(52, 3, '三重區'),
(53, 3, '中和區'),
(54, 3, '永和區'),
(55, 3, '新莊區'),
(56, 3, '新店區'),
(57, 3, '樹林區'),
(58, 3, '鶯歌區'),
(59, 3, '三峽區'),
(60, 3, '淡水區'),
(61, 3, '汐止區'),
(62, 3, '瑞芳區'),
(63, 3, '土城區'),
(64, 3, '蘆洲區'),
(65, 3, '五股區'),
(66, 3, '泰山區'),
(67, 3, '林口區'),
(68, 3, '深坑區'),
(69, 3, '石碇區'),
(70, 3, '坪林區'),
(71, 3, '三芝區'),
(72, 3, '石門區'),
(73, 3, '八里區'),
(74, 3, '平溪區'),
(75, 3, '雙溪區'),
(76, 3, '貢寮區'),
(77, 3, '金山區'),
(78, 3, '萬里區'),
(79, 3, '烏來區'),
(80, 4, '中區'),
(81, 4, '東區'),
(82, 4, '南區'),
(83, 4, '西區'),
(84, 4, '北區'),
(85, 4, '西屯區'),
(86, 4, '南屯區'),
(87, 4, '北屯區'),
(88, 4, '豐原區'),
(89, 4, '東勢區'),
(90, 4, '大甲區'),
(91, 4, '清水區'),
(92, 4, '沙鹿區'),
(93, 4, '梧棲區'),
(94, 4, '后里區'),
(95, 4, '神岡區'),
(96, 4, '潭子區'),
(97, 4, '大雅區'),
(98, 4, '新社區'),
(99, 4, '石岡區'),
(100, 4, '外埔區'),
(101, 4, '大安區'),
(102, 4, '烏日區'),
(103, 4, '大肚區'),
(104, 4, '龍井區'),
(105, 4, '霧峰區'),
(106, 4, '太平區'),
(107, 4, '大里區'),
(108, 4, '和平區'),
(109, 5, '新營區'),
(110, 5, '鹽水區'),
(111, 5, '白河區'),
(112, 5, '柳營區'),
(113, 5, '後壁區'),
(114, 5, '東山區'),
(115, 5, '麻豆區'),
(116, 5, '下營區'),
(117, 5, '六甲區'),
(118, 5, '官田區'),
(119, 5, '大內區'),
(120, 5, '佳里區'),
(121, 5, '學甲區'),
(122, 5, '西港區'),
(123, 5, '七股區'),
(124, 5, '將軍區'),
(125, 5, '北門區'),
(126, 5, '新化區'),
(127, 5, '善化區'),
(128, 5, '新市區'),
(129, 5, '安定區'),
(130, 5, '山上區'),
(131, 5, '玉井區'),
(132, 5, '楠西區'),
(133, 5, '南化區'),
(134, 5, '左鎮區'),
(135, 5, '仁德區'),
(136, 5, '歸仁區'),
(137, 5, '關廟區'),
(138, 5, '龍崎區'),
(139, 5, '永康區'),
(140, 5, '東區'),
(141, 5, '南區'),
(142, 5, '北區'),
(143, 5, '安南區'),
(144, 5, '安平區'),
(145, 5, '中西區'),
(146, 6, '桃園區'),
(147, 6, '中壢區'),
(148, 6, '大溪區'),
(149, 6, '楊梅區'),
(150, 6, '蘆竹區'),
(151, 6, '大園區'),
(152, 6, '龜山區'),
(153, 6, '八德區'),
(154, 6, '龍潭區'),
(155, 6, '平鎮區'),
(156, 6, '新屋區'),
(157, 6, '觀音區'),
(158, 6, '復興區'),
(159, 7, '宜蘭市'),
(160, 7, '羅東鎮'),
(161, 7, '蘇澳鎮'),
(162, 7, '頭城鎮'),
(163, 7, '礁溪鄉'),
(164, 7, '壯圍鄉'),
(165, 7, '員山鄉'),
(166, 7, '冬山鄉'),
(167, 7, '五結鄉'),
(168, 7, '三星鄉'),
(169, 7, '大同鄉'),
(170, 7, '南澳鄉'),
(171, 8, '竹北市'),
(172, 8, '竹東鎮'),
(173, 8, '新埔鎮'),
(174, 8, '關西鎮'),
(175, 8, '湖口鄉'),
(176, 8, '新豐鄉'),
(177, 8, '芎林鄉'),
(178, 8, '橫山鄉'),
(179, 8, '北埔鄉'),
(180, 8, '寶山鄉'),
(181, 8, '峨眉鄉'),
(182, 8, '尖石鄉'),
(183, 8, '五峰鄉'),
(184, 9, '苗栗市'),
(185, 9, '苑裡鎮'),
(186, 9, '通霄鎮'),
(187, 9, '竹南鎮'),
(188, 9, '頭份市'),
(189, 9, '後龍鎮'),
(190, 9, '卓蘭鎮'),
(191, 9, '大湖鄉'),
(192, 9, '公館鄉'),
(193, 9, '銅鑼鄉'),
(194, 9, '南庄鄉'),
(195, 9, '頭屋鄉'),
(196, 9, '三義鄉'),
(197, 9, '西湖鄉'),
(198, 9, '造橋鄉'),
(199, 9, '三灣鄉'),
(200, 9, '獅潭鄉'),
(201, 9, '泰安鄉'),
(202, 10, '彰化市'),
(203, 10, '鹿港鎮'),
(204, 10, '和美鎮'),
(205, 10, '線西鄉'),
(206, 10, '伸港鄉'),
(207, 10, '福興鄉'),
(208, 10, '秀水鄉'),
(209, 10, '花壇鄉'),
(210, 10, '芬園鄉'),
(211, 10, '員林市'),
(212, 10, '溪湖鎮'),
(213, 10, '田中鎮'),
(214, 10, '大村鄉'),
(215, 10, '埔鹽鄉'),
(216, 10, '埔心鄉'),
(217, 10, '永靖鄉'),
(218, 10, '社頭鄉'),
(219, 10, '二水鄉'),
(220, 10, '北斗鎮'),
(221, 10, '二林鎮'),
(222, 10, '田尾鄉'),
(223, 10, '埤頭鄉'),
(224, 10, '芳苑鄉'),
(225, 10, '大城鄉'),
(226, 10, '竹塘鄉'),
(227, 10, '溪州鄉'),
(228, 11, '南投市'),
(229, 11, '埔里鎮'),
(230, 11, '草屯鎮'),
(231, 11, '竹山鎮'),
(232, 11, '集集鎮'),
(233, 11, '名間鄉'),
(234, 11, '鹿谷鄉'),
(235, 11, '中寮鄉'),
(236, 11, '魚池鄉'),
(237, 11, '國姓鄉'),
(238, 11, '水里鄉'),
(239, 11, '信義鄉'),
(240, 11, '仁愛鄉'),
(241, 12, '斗六市'),
(242, 12, '斗南鎮'),
(243, 12, '虎尾鎮'),
(244, 12, '西螺鎮'),
(245, 12, '土庫鎮'),
(246, 12, '北港鎮'),
(247, 12, '古坑鄉'),
(248, 12, '大埤鄉'),
(249, 12, '莿桐鄉'),
(250, 12, '林內鄉'),
(251, 12, '二崙鄉'),
(252, 12, '崙背鄉'),
(253, 12, '麥寮鄉'),
(254, 12, '東勢鄉'),
(255, 12, '褒忠鄉'),
(256, 12, '臺西鄉'),
(257, 12, '元長鄉'),
(258, 12, '四湖鄉'),
(259, 12, '口湖鄉'),
(260, 12, '水林鄉'),
(261, 13, '太保市'),
(262, 13, '朴子市'),
(263, 13, '布袋鎮'),
(264, 13, '大林鎮'),
(265, 13, '民雄鄉'),
(266, 13, '溪口鄉'),
(267, 13, '新港鄉'),
(268, 13, '六腳鄉'),
(269, 13, '東石鄉'),
(270, 13, '義竹鄉'),
(271, 13, '鹿草鄉'),
(272, 13, '水上鄉'),
(273, 13, '中埔鄉'),
(274, 13, '竹崎鄉'),
(275, 13, '梅山鄉'),
(276, 13, '番路鄉'),
(277, 13, '大埔鄉'),
(278, 13, '阿里山鄉'),
(279, 14, '屏東市'),
(280, 14, '潮州鎮'),
(281, 14, '東港鎮'),
(282, 14, '恆春鎮'),
(283, 14, '萬丹鄉'),
(284, 14, '長治鄉'),
(285, 14, '麟洛鄉'),
(286, 14, '九如鄉'),
(287, 14, '里港鄉'),
(288, 14, '鹽埔鄉'),
(289, 14, '高樹鄉'),
(290, 14, '萬巒鄉'),
(291, 14, '內埔鄉'),
(292, 14, '竹田鄉'),
(293, 14, '新埤鄉'),
(294, 14, '枋寮鄉'),
(295, 14, '新園鄉'),
(296, 14, '崁頂鄉'),
(297, 14, '林邊鄉'),
(298, 14, '南州鄉'),
(299, 14, '佳冬鄉'),
(300, 14, '琉球鄉'),
(301, 14, '車城鄉'),
(302, 14, '滿州鄉'),
(303, 14, '枋山鄉'),
(304, 14, '三地門鄉'),
(305, 14, '霧臺鄉'),
(306, 14, '瑪家鄉'),
(307, 14, '泰武鄉'),
(308, 14, '來義鄉'),
(309, 14, '春日鄉'),
(310, 14, '獅子鄉'),
(311, 14, '牡丹鄉'),
(312, 15, '臺東市'),
(313, 15, '成功鎮'),
(314, 15, '關山鎮'),
(315, 15, '卑南鄉'),
(316, 15, '鹿野鄉'),
(317, 15, '池上鄉'),
(318, 15, '東河鄉'),
(319, 15, '長濱鄉'),
(320, 15, '太麻里鄉'),
(321, 15, '大武鄉'),
(322, 15, '綠島鄉'),
(323, 15, '海端鄉'),
(324, 15, '延平鄉'),
(325, 15, '金峰鄉'),
(326, 15, '達仁鄉'),
(327, 15, '蘭嶼鄉'),
(328, 16, '花蓮市'),
(329, 16, '鳳林鎮'),
(330, 16, '玉里鎮'),
(331, 16, '新城鄉'),
(332, 16, '吉安鄉'),
(333, 16, '壽豐鄉'),
(334, 16, '光復鄉'),
(335, 16, '豐濱鄉'),
(336, 16, '瑞穗鄉'),
(337, 16, '富里鄉'),
(338, 16, '秀林鄉'),
(339, 16, '萬榮鄉'),
(340, 16, '卓溪鄉'),
(341, 17, '馬公市'),
(342, 17, '湖西鄉'),
(343, 17, '白沙鄉'),
(344, 17, '西嶼鄉'),
(345, 17, '望安鄉'),
(346, 17, '七美鄉'),
(347, 18, '中正區'),
(348, 18, '七堵區'),
(349, 18, '暖暖區'),
(350, 18, '仁愛區'),
(351, 18, '中山區'),
(352, 18, '安樂區'),
(353, 18, '信義區'),
(354, 19, '東區'),
(355, 19, '北區'),
(356, 19, '香山區'),
(357, 20, '東區'),
(358, 20, '西區'),
(359, 21, '南竿鄉'),
(360, 21, '北竿鄉'),
(361, 21, '莒光鄉'),
(362, 21, '東引鄉'),
(363, 22, '金城鎮'),
(364, 22, '金沙鎮'),
(365, 22, '金湖鎮'),
(366, 22, '金寧鄉'),
(367, 22, '烈嶼鄉'),
(368, 22, '烏坵鄉');

-- --------------------------------------------------------

--
-- 資料表結構 `coupon`
--

CREATE TABLE `coupon` (
  `id` int(11) NOT NULL,
  `coupon_sid` varchar(10) NOT NULL,
  `coupon_name` varchar(10) NOT NULL,
  `coupon_info` varchar(200) NOT NULL,
  `coupon_rewardType` int(11) NOT NULL,
  `coupon_lowPrice` int(11) NOT NULL,
  `coupon_maxUse` int(11) DEFAULT NULL,
  `coupon_mode` int(11) NOT NULL,
  `coupon_amount` int(11) DEFAULT NULL,
  `coupon_send` int(11) NOT NULL,
  `coupon_startDate` date NOT NULL,
  `coupon_endDate` date NOT NULL,
  `product_id` varchar(7) NOT NULL,
  `coupon_specifyDate` date DEFAULT NULL,
  `coupon_state` int(11) DEFAULT NULL,
  `coupon_createAt` datetime DEFAULT NULL,
  `valid` tinyint(4) NOT NULL
) ENGINE=InnoDB DEFAULT CHARSET=utf8mb4 COLLATE=utf8mb4_general_ci;

--
-- 傾印資料表的資料 `coupon`
--

INSERT INTO `coupon` (`id`, `coupon_sid`, `coupon_name`, `coupon_info`, `coupon_rewardType`, `coupon_lowPrice`, `coupon_maxUse`, `coupon_mode`, `coupon_amount`, `coupon_send`, `coupon_startDate`, `coupon_endDate`, `product_id`, `coupon_specifyDate`, `coupon_state`, `coupon_createAt`, `valid`) VALUES
(1, 'test', 'test', 'hi', 1, 150, 77, 1, 555, 1, '2024-07-05', '2024-08-02', '1', '2024-08-20', 1, '0000-00-00 00:00:00', 0),
(2, '1', '1', 'testr343', 1, 10000, 123, 1, 200, 1, '2024-08-21', '2024-08-30', '1', '2024-08-20', 2, '0000-00-00 00:00:00', 0),
(3, 'r936nZ9H7M', '出清大特賣', 'testr343', 1, 123, 123, 1, 1, 1, '2024-08-21', '2024-08-30', '1', '2024-08-20', 3, '0000-00-00 00:00:00', 0),
(4, 'test2', 'test2', 'testr343', 1, 123, 123, 1, 1, 1, '2024-09-05', '2024-09-30', '1', '2024-08-20', 1, '0000-00-00 00:00:00', 0),
(5, '1111', '出清大特賣', 'testr343', 1, 123, 123, 1, 1, 1, '2024-08-21', '2024-08-30', '1', '2024-08-20', 1, '0000-00-00 00:00:00', 0),
(6, '0AeQWAlZEv', '週年慶', 'testr343', 1, 123, 123, 1, 1, 1, '2024-08-21', '2024-08-30', '1', '2024-08-20', 1, '0000-00-00 00:00:00', 0),
(7, '2', '2', 'testr343', 1, 123, 123, 1, 1, 1, '2024-08-21', '2024-08-30', '1', '2024-08-20', 2, '2024-08-21 04:54:01', 0),
(8, '3', '3', 'testr343', 1, 123, 123, 1, 1, 1, '2024-08-21', '2024-08-30', '1', '2024-08-20', 2, '2024-08-21 04:54:26', 0),
(9, '5', '3', 'testr343', 1, 123, 123, 1, 1, 1, '2024-08-21', '2024-08-30', '1', '2024-08-20', NULL, '2024-08-21 05:14:19', 0),
(10, '6', '6', 'testr343', 1, 123, 123, 1, 1, 1, '2024-08-21', '2024-08-30', '1', '2024-08-20', NULL, '2024-08-21 05:18:39', 0),
(11, '7', '7', 'testr343', 1, 123, 123, 1, 1, 1, '2024-08-21', '2024-08-30', '1', '2024-08-20', NULL, '2024-08-21 05:22:42', 0),
(12, '8', '8', 'testr343', 1, 123, 123, 1, 1, 1, '2024-08-21', '2024-08-30', '1', '2024-08-20', NULL, '2024-08-21 11:30:54', 0),
(13, '22', '22', 'testr343', 1, 123, 123, 1, 1, 1, '2024-08-21', '2024-08-30', '1', '2024-08-20', NULL, '2024-08-21 13:41:08', 1),
(14, '133243413', '12412414', '124214', 1, 0, 1, 1, 100, 1, '2024-08-24', '2024-08-31', '1', '2024-08-22', 2, '2024-08-21 21:42:29', 1),
(15, '0JA2kE6kTC', '123', '123', 1, 1, -1, 1, -1, 1, '2024-07-31', '2024-08-29', '1', '2024-08-09', NULL, '2024-08-23 00:24:12', 1),
(16, '123', '123', '1234', 1, 4567, -1, 1, -1, 1, '2024-08-16', '2024-08-07', '1', '2024-08-23', NULL, '2024-08-23 00:41:46', 1),
(17, '654t54y', '5656y', '56y56y5', 1, 5, -1, 1, -1, 1, '2024-08-09', '2024-08-28', '1', '2024-08-23', NULL, '2024-08-23 00:42:11', 1),
(18, 'wewqe', 'qrafe', 'faefr', 1, 111, -1, 1, -1, 1, '2024-08-24', '2024-08-31', '1', '2024-08-23', NULL, '2024-08-23 14:37:54', 1),
(19, '335', '151235', '2525', 1, 12, -1, 2, -1, 1, '2024-08-01', '2024-08-31', '1', '2024-08-23', NULL, '2024-08-23 15:20:28', 1),
(20, '4245', '12351', '1521', 2, 314, -1, 1, -1, 1, '2024-08-24', '2024-08-26', '1', '2024-08-23', NULL, '2024-08-23 15:23:40', 1),
(21, '35231', '1251', '23512', 2, 352, -1, 2, 235, 3, '2024-08-31', '2024-09-30', '1', '2024-08-23', NULL, '2024-08-23 15:43:43', 1),
(22, '241', '235', '251', 2, 1235, -1, 3, -1, 2, '2024-08-24', '2024-08-31', '1', '2024-08-23', NULL, '2024-08-23 15:49:43', 1),
(23, '2515', '125', '235', 1, 125, -1, 1, -1, 1, '2024-08-31', '2024-09-07', '1', '2024-08-23', NULL, '2024-08-23 15:50:31', 1),
(24, '353', '525', '235', 1, 2135, -1, 1, -1, 1, '2024-08-24', '2024-08-25', '1', '2024-08-23', 1, '2024-08-23 16:02:10', 1);

-- --------------------------------------------------------

--
-- 資料表結構 `users`
--

CREATE TABLE `users` (
  `id` int(10) NOT NULL,
  `user_name` varchar(12) DEFAULT NULL,
  `type_id` int(10) DEFAULT NULL,
  `level_id` int(10) DEFAULT NULL,
  `account` varchar(12) DEFAULT NULL,
  `password` varchar(50) DEFAULT NULL,
  `phone` int(10) DEFAULT NULL,
  `email` varchar(60) DEFAULT NULL,
  `birthday` date DEFAULT NULL,
  `gender` tinyint(1) DEFAULT NULL,
  `address_city_id` int(10) DEFAULT NULL,
  `address_cityarea_id` int(10) DEFAULT NULL,
  `address_street` varchar(200) DEFAULT NULL,
  `create_date` datetime DEFAULT NULL,
  `valid` varchar(1) DEFAULT NULL,
  `update_time` datetime DEFAULT NULL,
  `is_delete` tinyint(1) NOT NULL DEFAULT 0
) ENGINE=InnoDB DEFAULT CHARSET=utf8mb4 COLLATE=utf8mb4_general_ci;

--
-- 傾印資料表的資料 `users`
--

INSERT INTO `users` (`id`, `user_name`, `type_id`, `level_id`, `account`, `password`, `phone`, `email`, `birthday`, `gender`, `address_city_id`, `address_cityarea_id`, `address_street`, `create_date`, `valid`, `update_time`, `is_delete`) VALUES
(1, '王小明', 1, 2, 'xiaoming01', '482c811da5d5b4bc6d497ffa98491e38', 912345671, 'xiaoming01@example.com', '1985-01-15', 1, 1, 1, '松山路100號', '2024-08-24 20:41:05', 'Y', '2024-08-24 20:41:05', 0),
(2, '李華', 2, 3, 'lihua02', '482c811da5d5b4bc6d497ffa98491e38', 912345672, 'lihua02@example.com', '1990-03-22', 1, 2, 14, '鼓山路200號', '2024-08-24 20:41:05', 'Y', '2024-08-24 20:41:05', 0),
(3, '陳美麗', 1, 1, 'meili03', '482c811da5d5b4bc6d497ffa98491e38', 912345673, 'meili03@example.com', '1988-05-12', 2, 3, 51, '板橋路300號', '2024-08-24 20:41:05', 'Y', '2024-08-24 20:41:05', 0),
(4, '林志偉', 2, 2, 'zhiwei04', '482c811da5d5b4bc6d497ffa98491e38', 912345674, 'zhiwei04@example.com', '1982-07-19', 1, 4, 80, '中區100號', '2024-08-24 20:41:05', 'Y', '2024-08-24 20:41:05', 0),
(5, '劉英傑', 1, 3, 'yingjie05', '482c811da5d5b4bc6d497ffa98491e38', 912345675, 'yingjie05@example.com', '1995-09-23', 1, 5, 109, '新營路400號', '2024-08-24 20:41:05', 'N', '2024-08-24 20:41:05', 0),
(6, '黃大明', 2, 1, 'daming06', '482c811da5d5b4bc6d497ffa98491e38', 912345676, 'daming06@example.com', '1992-11-05', 1, 6, 146, '桃園路500號', '2024-08-24 20:41:05', 'N', '2024-08-24 20:41:05', 0),
(7, '趙小芳', 1, 2, 'xiaofang07', '482c811da5d5b4bc6d497ffa98491e38', 912345677, 'xiaofang07@example.com', '1986-02-14', 2, 7, 159, '宜蘭路600號', '2024-08-24 20:41:05', 'N', '2024-08-24 20:41:05', 0),
(8, '吳小龍', 2, 3, 'xiaolong08', '482c811da5d5b4bc6d497ffa98491e38', 912345678, 'xiaolong08@example.com', '1993-04-21', 1, 8, 171, '竹北路700號', '2024-08-24 20:41:05', 'N', '2024-08-24 20:41:05', 0),
(9, '楊玉婷', 1, 1, 'yuting09', '482c811da5d5b4bc6d497ffa98491e38', 912345679, 'yuting09@example.com', '1991-06-18', 2, 9, 184, '苗栗路800號', '2024-08-24 20:41:05', 'N', '2024-08-24 20:41:05', 0),
(10, '周國強', 2, 2, 'guoqiang10', '482c811da5d5b4bc6d497ffa98491e38', 912345680, 'guoqiang10@example.com', '1987-08-30', 1, 10, 202, '彰化路900號', '2024-08-24 20:41:05', 'N', '2024-08-24 20:41:05', 0),
(11, '何美玉', 1, 3, 'meiyu11', '482c811da5d5b4bc6d497ffa98491e38', 912345681, 'meiyu11@example.com', '1994-10-11', 2, 11, 228, '南投路1000號', '2024-08-24 20:41:05', 'N', '2024-08-24 20:41:05', 0),
(12, '張志雄', 2, 1, 'zhixiong12', '482c811da5d5b4bc6d497ffa98491e38', 912345682, 'zhixiong12@example.com', '1989-12-25', 1, 12, 241, '斗六路1100號', '2024-08-24 20:41:05', 'Y', '2024-08-24 20:41:05', 0),
(13, '許慧玲', 1, 2, 'huiling13', '482c811da5d5b4bc6d497ffa98491e38', 912345683, 'huiling13@example.com', '1983-01-05', 2, 13, 261, '太保路1200號', '2024-08-24 20:41:05', 'Y', '2024-08-24 20:41:05', 0),
(14, '鄭偉成', 2, 3, 'weicheng14', '482c811da5d5b4bc6d497ffa98491e38', 912345684, 'weicheng14@example.com', '1996-03-15', 1, 14, 279, '屏東路1300號', '2024-08-24 20:41:05', 'Y', '2024-08-24 20:41:05', 0),
(15, '謝文華', 1, 1, 'wenhua15', '482c811da5d5b4bc6d497ffa98491e38', 912345685, 'wenhua15@example.com', '1984-05-25', 1, 15, 312, '臺東路1400號', '2024-08-24 20:41:05', 'Y', '2024-08-24 20:41:05', 0),
(16, '郭小華', 2, 2, 'xiaohua16', '482c811da5d5b4bc6d497ffa98491e38', 912345686, 'xiaohua16@example.com', '1987-07-10', 2, 16, 328, '花蓮路1500號', '2024-08-24 20:41:05', 'Y', '2024-08-24 20:41:05', 0),
(17, '洪志平', 1, 3, 'zhiping17', '482c811da5d5b4bc6d497ffa98491e38', 912345687, 'zhiping17@example.com', '1985-09-20', 1, 17, 341, '馬公路1600號', '2024-08-24 20:41:05', 'Y', '2024-08-24 20:41:05', 0),
(18, '劉玉婷', 2, 1, 'yuting18', '482c811da5d5b4bc6d497ffa98491e38', 912345688, 'yuting18@example.com', '1989-11-30', 2, 18, 347, '基隆路1700號', '2024-08-24 20:41:05', 'Y', '2024-08-24 20:41:05', 0),
(19, '王大偉', 1, 2, 'dawei19', '482c811da5d5b4bc6d497ffa98491e38', 912345689, 'dawei19@example.com', '1983-01-15', 1, 19, 354, '新竹路1800號', '2024-08-24 20:41:05', 'Y', '2024-08-24 20:41:05', 0),
(20, '陳志宏', 2, 3, 'zhihong20', '482c811da5d5b4bc6d497ffa98491e38', 912345690, 'zhihong20@example.com', '1988-03-25', 1, 20, 357, '嘉義路1900號', '2024-08-24 20:41:05', 'Y', '2024-08-24 20:41:05', 0),
(21, '林秀英', 1, 1, 'xiuying21', '482c811da5d5b4bc6d497ffa98491e38', 912345691, 'xiuying21@example.com', '1984-05-15', 2, 21, 359, '南竿路2000號', '2024-08-24 20:41:05', 'Y', '2024-08-24 20:41:05', 0),
(22, '張偉強', 2, 2, 'weiqiang22', '482c811da5d5b4bc6d497ffa98491e38', 912345692, 'weiqiang22@example.com', '1987-07-30', 1, 22, 363, '金城路2100號', '2024-08-24 20:41:05', 'Y', '2024-08-24 20:41:05', 0),
(23, '李美芳', 1, 3, 'meifang23', '482c811da5d5b4bc6d497ffa98491e38', 912345693, 'meifang23@example.com', '1985-09-05', 2, 1, 2, '松山路2200號', '2024-08-24 20:41:05', 'Y', '2024-08-24 20:41:05', 0),
(24, '周玉梅', 2, 1, 'yumei24', '482c811da5d5b4bc6d497ffa98491e38', 912345694, 'yumei24@example.com', '1989-11-20', 2, 2, 13, '鼓山路2300號', '2024-08-24 20:41:05', 'Y', '2024-08-24 20:41:05', 0),
(25, '劉志豪', 1, 2, 'zhihao25', '482c811da5d5b4bc6d497ffa98491e38', 912345695, 'zhihao25@example.com', '1983-01-30', 1, 3, 53, '板橋路2400號', '2024-08-24 20:41:05', 'Y', '2024-08-24 20:41:05', 0),
(26, '陳偉傑', 2, 3, 'weijie26', '482c811da5d5b4bc6d497ffa98491e38', 912345696, 'weijie26@example.com', '1988-03-10', 1, 4, 81, '東區路2500號', '2024-08-24 20:41:05', 'Y', '2024-08-24 20:41:05', 0),
(27, '王秀麗', 1, 1, 'xiuli27', '482c811da5d5b4bc6d497ffa98491e38', 912345697, 'xiuli27@example.com', '1984-05-25', 2, 5, 112, '鹽水路2600號', '2024-08-24 20:41:05', 'Y', '2024-08-24 20:41:05', 0),
(28, '李志剛', 2, 2, 'zhigang28', '482c811da5d5b4bc6d497ffa98491e38', 912345698, 'zhigang28@example.com', '1987-07-15', 1, 6, 149, '楊梅路2700號', '2024-08-24 20:41:05', 'Y', '2024-08-24 20:41:05', 0),
(29, '張小芳', 1, 3, 'xiaofang29', '482c811da5d5b4bc6d497ffa98491e38', 912345699, 'xiaofang29@example.com', '1985-09-30', 2, 7, 166, '冬山路2800號', '2024-08-24 20:41:05', 'Y', '2024-08-24 20:41:05', 0),
(30, '周志明', 2, 1, 'zhiming30', '482c811da5d5b4bc6d497ffa98491e38', 912345700, 'zhiming30@example.com', '1989-11-05', 1, 8, 177, '芎林路2900號', '2024-08-24 20:41:05', 'Y', '2024-08-24 20:41:05', 0),
(31, '劉小龍', 1, 2, 'xiaolong31', '482c811da5d5b4bc6d497ffa98491e38', 912345701, 'xiaolong31@example.com', '1983-01-25', 1, 9, 185, '苑裡路3000號', '2024-08-24 20:41:05', 'Y', '2024-08-24 20:41:05', 0),
(32, '陳玉芬', 2, 3, 'yufen32', '482c811da5d5b4bc6d497ffa98491e38', 912345702, 'yufen32@example.com', '1988-03-15', 2, 10, 205, '線西路3100號', '2024-08-24 20:41:05', 'Y', '2024-08-24 20:41:05', 0),
(33, '王偉強', 1, 1, 'weiqiang33', '482c811da5d5b4bc6d497ffa98491e38', 912345703, 'weiqiang33@example.com', '1984-05-05', 1, 11, 229, '埔里路3200號', '2024-08-24 20:41:05', 'Y', '2024-08-24 20:41:05', 0),
(34, '李秀英', 2, 2, 'xiuying34', '482c811da5d5b4bc6d497ffa98491e38', 912345704, 'xiuying34@example.com', '1987-07-25', 2, 12, 250, '林內路3300號', '2024-08-24 20:41:05', 'N', '2024-08-24 20:41:05', 0),
(35, '張玉婷', 1, 3, 'yuting35', '482c811da5d5b4bc6d497ffa98491e38', 912345705, 'yuting35@example.com', '1985-09-10', 2, 13, 270, '義竹路3400號', '2024-08-24 20:41:05', 'N', '2024-08-24 20:41:05', 0),
(36, '周志豪', 2, 1, 'zhihao36', '482c811da5d5b4bc6d497ffa98491e38', 912345706, 'zhihao36@example.com', '1989-11-25', 1, 14, 295, '新園路3500號', '2024-08-24 20:41:05', 'N', '2024-08-24 20:41:05', 0),
(37, '劉小芳', 1, 2, 'xiaofang37', '482c811da5d5b4bc6d497ffa98491e38', 912345707, 'xiaofang37@example.com', '1983-01-10', 2, 15, 322, '綠島路3600號', '2024-08-24 20:41:05', 'N', '2024-08-24 20:41:05', 0),
(38, '陳志偉', 2, 3, 'zhiwei38', '482c811da5d5b4bc6d497ffa98491e38', 912345708, 'zhiwei38@example.com', '1988-03-30', 1, 16, 334, '光復路3700號', '2024-08-24 20:41:05', 'N', '2024-08-24 20:41:05', 0),
(39, '王偉傑', 1, 1, 'weijie39', '482c811da5d5b4bc6d497ffa98491e38', 912345709, 'weijie39@example.com', '1984-05-20', 1, 17, 343, '白沙路3800號', '2024-08-24 20:41:05', 'N', '2024-08-24 20:41:05', 0),
(40, '李志剛', 2, 2, 'zhigang40', '482c811da5d5b4bc6d497ffa98491e38', 912345710, 'zhigang40@example.com', '1987-07-05', 1, 18, 349, '七堵路3900號', '2024-08-24 20:41:05', 'N', '2024-08-24 20:41:05', 0),
(41, '張美麗', 1, 3, 'meili41', '482c811da5d5b4bc6d497ffa98491e38', 912345711, 'meili41@example.com', '1985-09-20', 2, 19, 355, '北區路4000號', '2024-08-24 20:41:05', 'N', '2024-08-24 20:41:05', 0),
(42, '周偉強', 2, 1, 'weiqiang42', '482c811da5d5b4bc6d497ffa98491e38', 912345712, 'weiqiang42@example.com', '1989-11-15', 1, 20, 358, '西區路4100號', '2024-08-24 20:41:05', 'N', '2024-08-24 20:41:05', 0),
(43, '劉秀英', 1, 2, 'xiuying43', '482c811da5d5b4bc6d497ffa98491e38', 912345713, 'xiuying43@example.com', '1983-01-05', 2, 21, 360, '南竿路4200號', '2024-08-24 20:41:05', 'N', '2024-08-24 20:41:05', 0),
(44, '陳玉婷', 2, 3, 'yuting44', '482c811da5d5b4bc6d497ffa98491e38', 912345714, 'yuting44@example.com', '1988-03-25', 2, 22, 364, '金沙路4300號', '2024-08-24 20:41:05', 'N', '2024-08-24 20:41:05', 0),
(45, '王志豪', 1, 1, 'zhihao45', '482c811da5d5b4bc6d497ffa98491e38', 912345715, 'zhihao45@example.com', '1984-05-10', 1, 1, 12, '大安路4400號', '2024-08-24 20:41:05', 'Y', '2024-08-24 21:41:01', 0),
(46, '李小龍', 2, 2, 'xiaolong46', '482c811da5d5b4bc6d497ffa98491e38', 912345716, 'xiaolong46@example.com', '1987-07-20', 1, 2, 16, '楠梓路4500號', '2024-08-24 20:41:05', 'N', '2024-08-24 21:40:57', 0),
(47, '張美玉', 1, 3, 'meiyu47', '482c811da5d5b4bc6d497ffa98491e38', 912345717, 'meiyu47@example.com', '1985-09-30', 2, 3, 52, '三重路4600號', '2024-08-24 20:41:05', 'N', '2024-08-24 20:41:05', 1),
(48, '周小芳', 2, 1, 'xiaofang48', '482c811da5d5b4bc6d497ffa98491e38', 912345718, 'xiaofang48@example.com', '1989-11-10', 2, 4, 84, '北區路4700號', '2024-08-24 20:41:05', 'N', '2024-08-24 20:41:05', 1),
(49, '劉志偉', 1, 2, 'zhiwei49', '482c811da5d5b4bc6d497ffa98491e38', 912345719, 'zhiwei49@example.com', '1983-01-15', 1, 5, 127, '善化路4800號', '2024-08-24 20:41:05', 'N', '2024-08-24 20:42:41', 0),
(50, '陳偉傑', 2, 3, 'weijie50', '482c811da5d5b4bc6d497ffa98491e38', 912345720, 'weijie50@example.com', '1988-03-05', 1, 6, 148, '大溪路4900號', '2024-08-24 20:41:05', 'Y', '2024-08-24 20:41:05', 0),
(51, '測試用', 1, 2, 'test', '098f6bcd4621d373cade4e832627b4f6', 912345671, 'test@example.com', '1985-01-15', 1, 1, 1, '松山路100號', '2024-08-24 20:57:01', 'Y', '2024-08-24 21:51:21', 0);

-- --------------------------------------------------------

--
-- 資料表結構 `user_level`
--

CREATE TABLE `user_level` (
  `level_id` int(10) NOT NULL,
  `level_name` varchar(12) DEFAULT NULL
) ENGINE=InnoDB DEFAULT CHARSET=utf8mb4 COLLATE=utf8mb4_general_ci;

--
-- 傾印資料表的資料 `user_level`
--

INSERT INTO `user_level` (`level_id`, `level_name`) VALUES
(1, '金'),
(2, '銀'),
(3, '銅');

-- --------------------------------------------------------

--
-- 資料表結構 `user_type`
--

CREATE TABLE `user_type` (
  `type_id` int(10) NOT NULL,
  `type_name` varchar(12) DEFAULT NULL
) ENGINE=InnoDB DEFAULT CHARSET=utf8mb4 COLLATE=utf8mb4_general_ci;

--
-- 傾印資料表的資料 `user_type`
--

INSERT INTO `user_type` (`type_id`, `type_name`) VALUES
(1, '系統管理員'),
(2, '一般會員');

--
-- 已傾印資料表的索引
--

--
-- 資料表索引 `address_city`
--
ALTER TABLE `address_city`
  ADD PRIMARY KEY (`address_city_id`);

--
-- 資料表索引 `address_cityarea`
--
ALTER TABLE `address_cityarea`
  ADD PRIMARY KEY (`address_cityarea_id`);

--
-- 資料表索引 `coupon`
--
ALTER TABLE `coupon`
  ADD PRIMARY KEY (`id`);

--
-- 資料表索引 `users`
--
ALTER TABLE `users`
  ADD PRIMARY KEY (`id`);

--
-- 資料表索引 `user_level`
--
ALTER TABLE `user_level`
  ADD PRIMARY KEY (`level_id`);

--
-- 資料表索引 `user_type`
--
ALTER TABLE `user_type`
  ADD PRIMARY KEY (`type_id`);

--
-- 在傾印的資料表使用自動遞增(AUTO_INCREMENT)
--

--
-- 使用資料表自動遞增(AUTO_INCREMENT) `address_city`
--
ALTER TABLE `address_city`
  MODIFY `address_city_id` int(10) NOT NULL AUTO_INCREMENT, AUTO_INCREMENT=23;

--
-- 使用資料表自動遞增(AUTO_INCREMENT) `address_cityarea`
--
ALTER TABLE `address_cityarea`
  MODIFY `address_cityarea_id` int(10) NOT NULL AUTO_INCREMENT, AUTO_INCREMENT=369;

--
-- 使用資料表自動遞增(AUTO_INCREMENT) `coupon`
--
ALTER TABLE `coupon`
  MODIFY `id` int(11) NOT NULL AUTO_INCREMENT, AUTO_INCREMENT=25;

--
-- 使用資料表自動遞增(AUTO_INCREMENT) `users`
--
ALTER TABLE `users`
  MODIFY `id` int(10) NOT NULL AUTO_INCREMENT, AUTO_INCREMENT=52;

--
-- 使用資料表自動遞增(AUTO_INCREMENT) `user_level`
--
ALTER TABLE `user_level`
  MODIFY `level_id` int(10) NOT NULL AUTO_INCREMENT, AUTO_INCREMENT=4;

--
-- 使用資料表自動遞增(AUTO_INCREMENT) `user_type`
--
ALTER TABLE `user_type`
  MODIFY `type_id` int(10) NOT NULL AUTO_INCREMENT, AUTO_INCREMENT=3;
COMMIT;

/*!40101 SET CHARACTER_SET_CLIENT=@OLD_CHARACTER_SET_CLIENT */;
/*!40101 SET CHARACTER_SET_RESULTS=@OLD_CHARACTER_SET_RESULTS */;
/*!40101 SET COLLATION_CONNECTION=@OLD_COLLATION_CONNECTION */;
