-- phpMyAdmin SQL Dump
-- version 5.2.1
-- https://www.phpmyadmin.net/
--
-- 主機： 127.0.0.1
-- 產生時間： 2024-08-23 15:00:57
-- 伺服器版本： 10.4.32-MariaDB
-- PHP 版本： 8.2.12

SET SQL_MODE = "NO_AUTO_VALUE_ON_ZERO";
START TRANSACTION;
SET time_zone = "+00:00";


/*!40101 SET @OLD_CHARACTER_SET_CLIENT=@@CHARACTER_SET_CLIENT */;
/*!40101 SET @OLD_CHARACTER_SET_RESULTS=@@CHARACTER_SET_RESULTS */;
/*!40101 SET @OLD_COLLATION_CONNECTION=@@COLLATION_CONNECTION */;
/*!40101 SET NAMES utf8mb4 */;

--
-- 資料庫： `violin`
--

-- --------------------------------------------------------

--
-- 資料表結構 `address_city`
--

CREATE TABLE `address_city` (
  `address_city_id` int(10) NOT NULL,
  `address_city_name` varchar(12) DEFAULT NULL
) ENGINE=InnoDB DEFAULT CHARSET=utf8mb4 COLLATE=utf8mb4_general_ci;

--
-- 傾印資料表的資料 `address_city`
--

INSERT INTO `address_city` (`address_city_id`, `address_city_name`) VALUES
(1, '台北市'),
(2, '高雄市'),
(3, '新北市'),
(4, '台中市'),
(5, '台南市'),
(6, '桃園市'),
(7, '宜蘭縣'),
(8, '新竹縣'),
(9, '苗栗縣'),
(10, '彰化縣'),
(11, '南投縣'),
(12, '雲林縣'),
(13, '嘉義縣'),
(14, '屏東縣'),
(15, '臺東縣'),
(16, '花蓮縣'),
(17, '澎湖縣'),
(18, '基隆市'),
(19, '新竹市'),
(20, '嘉義市'),
(21, '連江縣'),
(22, '金門縣');

-- --------------------------------------------------------

--
-- 資料表結構 `address_cityarea`
--

CREATE TABLE `address_cityarea` (
  `address_cityarea_id` int(10) NOT NULL,
  `address_city_id` int(10) DEFAULT NULL,
  `address_cityarea_name` varchar(12) DEFAULT NULL
) ENGINE=InnoDB DEFAULT CHARSET=utf8mb4 COLLATE=utf8mb4_general_ci;

--
-- 傾印資料表的資料 `address_cityarea`
--

INSERT INTO `address_cityarea` (`address_cityarea_id`, `address_city_id`, `address_cityarea_name`) VALUES
(1, 1, '松山區'),
(2, 1, '信義區'),
(3, 1, '大安區'),
(4, 1, '中山區'),
(5, 1, '中正區'),
(6, 1, '大同區'),
(7, 1, '萬華區'),
(8, 1, '文山區'),
(9, 1, '南港區'),
(10, 1, '內湖區'),
(11, 1, '士林區'),
(12, 1, '北投區'),
(13, 2, '鹽埕區'),
(14, 2, '鼓山區'),
(15, 2, '左營區'),
(16, 2, '楠梓區'),
(17, 2, '三民區'),
(18, 2, '新興區'),
(19, 2, '前金區'),
(20, 2, '苓雅區'),
(21, 2, '前鎮區'),
(22, 2, '旗津區'),
(23, 2, '小港區'),
(24, 2, '鳳山區'),
(25, 2, '林園區'),
(26, 2, '大寮區'),
(27, 2, '大樹區'),
(28, 2, '大社區'),
(29, 2, '仁武區'),
(30, 2, '鳥松區'),
(31, 2, '岡山區'),
(32, 2, '橋頭區'),
(33, 2, '燕巢區'),
(34, 2, '田寮區'),
(35, 2, '阿蓮區'),
(36, 2, '路竹區'),
(37, 2, '湖內區'),
(38, 2, '茄萣區'),
(39, 2, '永安區'),
(40, 2, '彌陀區'),
(41, 2, '梓官區'),
(42, 2, '旗山區'),
(43, 2, '美濃區'),
(44, 2, '六龜區'),
(45, 2, '甲仙區'),
(46, 2, '杉林區'),
(47, 2, '內門區'),
(48, 2, '茂林區'),
(49, 2, '桃源區'),
(50, 2, '那瑪夏區'),
(51, 3, '板橋區'),
(52, 3, '三重區'),
(53, 3, '中和區'),
(54, 3, '永和區'),
(55, 3, '新莊區'),
(56, 3, '新店區'),
(57, 3, '樹林區'),
(58, 3, '鶯歌區'),
(59, 3, '三峽區'),
(60, 3, '淡水區'),
(61, 3, '汐止區'),
(62, 3, '瑞芳區'),
(63, 3, '土城區'),
(64, 3, '蘆洲區'),
(65, 3, '五股區'),
(66, 3, '泰山區'),
(67, 3, '林口區'),
(68, 3, '深坑區'),
(69, 3, '石碇區'),
(70, 3, '坪林區'),
(71, 3, '三芝區'),
(72, 3, '石門區'),
(73, 3, '八里區'),
(74, 3, '平溪區'),
(75, 3, '雙溪區'),
(76, 3, '貢寮區'),
(77, 3, '金山區'),
(78, 3, '萬里區'),
(79, 3, '烏來區'),
(80, 4, '中區'),
(81, 4, '東區'),
(82, 4, '南區'),
(83, 4, '西區'),
(84, 4, '北區'),
(85, 4, '西屯區'),
(86, 4, '南屯區'),
(87, 4, '北屯區'),
(88, 4, '豐原區'),
(89, 4, '東勢區'),
(90, 4, '大甲區'),
(91, 4, '清水區'),
(92, 4, '沙鹿區'),
(93, 4, '梧棲區'),
(94, 4, '后里區'),
(95, 4, '神岡區'),
(96, 4, '潭子區'),
(97, 4, '大雅區'),
(98, 4, '新社區'),
(99, 4, '石岡區'),
(100, 4, '外埔區'),
(101, 4, '大安區'),
(102, 4, '烏日區'),
(103, 4, '大肚區'),
(104, 4, '龍井區'),
(105, 4, '霧峰區'),
(106, 4, '太平區'),
(107, 4, '大里區'),
(108, 4, '和平區'),
(109, 5, '新營區'),
(110, 5, '鹽水區'),
(111, 5, '白河區'),
(112, 5, '柳營區'),
(113, 5, '後壁區'),
(114, 5, '東山區'),
(115, 5, '麻豆區'),
(116, 5, '下營區'),
(117, 5, '六甲區'),
(118, 5, '官田區'),
(119, 5, '大內區'),
(120, 5, '佳里區'),
(121, 5, '學甲區'),
(122, 5, '西港區'),
(123, 5, '七股區'),
(124, 5, '將軍區'),
(125, 5, '北門區'),
(126, 5, '新化區'),
(127, 5, '善化區'),
(128, 5, '新市區'),
(129, 5, '安定區'),
(130, 5, '山上區'),
(131, 5, '玉井區'),
(132, 5, '楠西區'),
(133, 5, '南化區'),
(134, 5, '左鎮區'),
(135, 5, '仁德區'),
(136, 5, '歸仁區'),
(137, 5, '關廟區'),
(138, 5, '龍崎區'),
(139, 5, '永康區'),
(140, 5, '東區'),
(141, 5, '南區'),
(142, 5, '北區'),
(143, 5, '安南區'),
(144, 5, '安平區'),
(145, 5, '中西區'),
(146, 6, '桃園區'),
(147, 6, '中壢區'),
(148, 6, '大溪區'),
(149, 6, '楊梅區'),
(150, 6, '蘆竹區'),
(151, 6, '大園區'),
(152, 6, '龜山區'),
(153, 6, '八德區'),
(154, 6, '龍潭區'),
(155, 6, '平鎮區'),
(156, 6, '新屋區'),
(157, 6, '觀音區'),
(158, 6, '復興區'),
(159, 7, '宜蘭市'),
(160, 7, '羅東鎮'),
(161, 7, '蘇澳鎮'),
(162, 7, '頭城鎮'),
(163, 7, '礁溪鄉'),
(164, 7, '壯圍鄉'),
(165, 7, '員山鄉'),
(166, 7, '冬山鄉'),
(167, 7, '五結鄉'),
(168, 7, '三星鄉'),
(169, 7, '大同鄉'),
(170, 7, '南澳鄉'),
(171, 8, '竹北市'),
(172, 8, '竹東鎮'),
(173, 8, '新埔鎮'),
(174, 8, '關西鎮'),
(175, 8, '湖口鄉'),
(176, 8, '新豐鄉'),
(177, 8, '芎林鄉'),
(178, 8, '橫山鄉'),
(179, 8, '北埔鄉'),
(180, 8, '寶山鄉'),
(181, 8, '峨眉鄉'),
(182, 8, '尖石鄉'),
(183, 8, '五峰鄉'),
(184, 9, '苗栗市'),
(185, 9, '苑裡鎮'),
(186, 9, '通霄鎮'),
(187, 9, '竹南鎮'),
(188, 9, '頭份市'),
(189, 9, '後龍鎮'),
(190, 9, '卓蘭鎮'),
(191, 9, '大湖鄉'),
(192, 9, '公館鄉'),
(193, 9, '銅鑼鄉'),
(194, 9, '南庄鄉'),
(195, 9, '頭屋鄉'),
(196, 9, '三義鄉'),
(197, 9, '西湖鄉'),
(198, 9, '造橋鄉'),
(199, 9, '三灣鄉'),
(200, 9, '獅潭鄉'),
(201, 9, '泰安鄉'),
(202, 10, '彰化市'),
(203, 10, '鹿港鎮'),
(204, 10, '和美鎮'),
(205, 10, '線西鄉'),
(206, 10, '伸港鄉'),
(207, 10, '福興鄉'),
(208, 10, '秀水鄉'),
(209, 10, '花壇鄉'),
(210, 10, '芬園鄉'),
(211, 10, '員林市'),
(212, 10, '溪湖鎮'),
(213, 10, '田中鎮'),
(214, 10, '大村鄉'),
(215, 10, '埔鹽鄉'),
(216, 10, '埔心鄉'),
(217, 10, '永靖鄉'),
(218, 10, '社頭鄉'),
(219, 10, '二水鄉'),
(220, 10, '北斗鎮'),
(221, 10, '二林鎮'),
(222, 10, '田尾鄉'),
(223, 10, '埤頭鄉'),
(224, 10, '芳苑鄉'),
(225, 10, '大城鄉'),
(226, 10, '竹塘鄉'),
(227, 10, '溪州鄉'),
(228, 11, '南投市'),
(229, 11, '埔里鎮'),
(230, 11, '草屯鎮'),
(231, 11, '竹山鎮'),
(232, 11, '集集鎮'),
(233, 11, '名間鄉'),
(234, 11, '鹿谷鄉'),
(235, 11, '中寮鄉'),
(236, 11, '魚池鄉'),
(237, 11, '國姓鄉'),
(238, 11, '水里鄉'),
(239, 11, '信義鄉'),
(240, 11, '仁愛鄉'),
(241, 12, '斗六市'),
(242, 12, '斗南鎮'),
(243, 12, '虎尾鎮'),
(244, 12, '西螺鎮'),
(245, 12, '土庫鎮'),
(246, 12, '北港鎮'),
(247, 12, '古坑鄉'),
(248, 12, '大埤鄉'),
(249, 12, '莿桐鄉'),
(250, 12, '林內鄉'),
(251, 12, '二崙鄉'),
(252, 12, '崙背鄉'),
(253, 12, '麥寮鄉'),
(254, 12, '東勢鄉'),
(255, 12, '褒忠鄉'),
(256, 12, '臺西鄉'),
(257, 12, '元長鄉'),
(258, 12, '四湖鄉'),
(259, 12, '口湖鄉'),
(260, 12, '水林鄉'),
(261, 13, '太保市'),
(262, 13, '朴子市'),
(263, 13, '布袋鎮'),
(264, 13, '大林鎮'),
(265, 13, '民雄鄉'),
(266, 13, '溪口鄉'),
(267, 13, '新港鄉'),
(268, 13, '六腳鄉'),
(269, 13, '東石鄉'),
(270, 13, '義竹鄉'),
(271, 13, '鹿草鄉'),
(272, 13, '水上鄉'),
(273, 13, '中埔鄉'),
(274, 13, '竹崎鄉'),
(275, 13, '梅山鄉'),
(276, 13, '番路鄉'),
(277, 13, '大埔鄉'),
(278, 13, '阿里山鄉'),
(279, 14, '屏東市'),
(280, 14, '潮州鎮'),
(281, 14, '東港鎮'),
(282, 14, '恆春鎮'),
(283, 14, '萬丹鄉'),
(284, 14, '長治鄉'),
(285, 14, '麟洛鄉'),
(286, 14, '九如鄉'),
(287, 14, '里港鄉'),
(288, 14, '鹽埔鄉'),
(289, 14, '高樹鄉'),
(290, 14, '萬巒鄉'),
(291, 14, '內埔鄉'),
(292, 14, '竹田鄉'),
(293, 14, '新埤鄉'),
(294, 14, '枋寮鄉'),
(295, 14, '新園鄉'),
(296, 14, '崁頂鄉'),
(297, 14, '林邊鄉'),
(298, 14, '南州鄉'),
(299, 14, '佳冬鄉'),
(300, 14, '琉球鄉'),
(301, 14, '車城鄉'),
(302, 14, '滿州鄉'),
(303, 14, '枋山鄉'),
(304, 14, '三地門鄉'),
(305, 14, '霧臺鄉'),
(306, 14, '瑪家鄉'),
(307, 14, '泰武鄉'),
(308, 14, '來義鄉'),
(309, 14, '春日鄉'),
(310, 14, '獅子鄉'),
(311, 14, '牡丹鄉'),
(312, 15, '臺東市'),
(313, 15, '成功鎮'),
(314, 15, '關山鎮'),
(315, 15, '卑南鄉'),
(316, 15, '鹿野鄉'),
(317, 15, '池上鄉'),
(318, 15, '東河鄉'),
(319, 15, '長濱鄉'),
(320, 15, '太麻里鄉'),
(321, 15, '大武鄉'),
(322, 15, '綠島鄉'),
(323, 15, '海端鄉'),
(324, 15, '延平鄉'),
(325, 15, '金峰鄉'),
(326, 15, '達仁鄉'),
(327, 15, '蘭嶼鄉'),
(328, 16, '花蓮市'),
(329, 16, '鳳林鎮'),
(330, 16, '玉里鎮'),
(331, 16, '新城鄉'),
(332, 16, '吉安鄉'),
(333, 16, '壽豐鄉'),
(334, 16, '光復鄉'),
(335, 16, '豐濱鄉'),
(336, 16, '瑞穗鄉'),
(337, 16, '富里鄉'),
(338, 16, '秀林鄉'),
(339, 16, '萬榮鄉'),
(340, 16, '卓溪鄉'),
(341, 17, '馬公市'),
(342, 17, '湖西鄉'),
(343, 17, '白沙鄉'),
(344, 17, '西嶼鄉'),
(345, 17, '望安鄉'),
(346, 17, '七美鄉'),
(347, 18, '中正區'),
(348, 18, '七堵區'),
(349, 18, '暖暖區'),
(350, 18, '仁愛區'),
(351, 18, '中山區'),
(352, 18, '安樂區'),
(353, 18, '信義區'),
(354, 19, '東區'),
(355, 19, '北區'),
(356, 19, '香山區'),
(357, 20, '東區'),
(358, 20, '西區'),
(359, 21, '南竿鄉'),
(360, 21, '北竿鄉'),
(361, 21, '莒光鄉'),
(362, 21, '東引鄉'),
(363, 22, '金城鎮'),
(364, 22, '金沙鎮'),
(365, 22, '金湖鎮'),
(366, 22, '金寧鄉'),
(367, 22, '烈嶼鄉'),
(368, 22, '烏坵鄉');

-- --------------------------------------------------------

--
-- 資料表結構 `users`
--

CREATE TABLE `users` (
  `id` int(10) NOT NULL,
  `user_name` varchar(12) DEFAULT NULL,
  `type_id` int(10) DEFAULT NULL,
  `level_id` int(10) DEFAULT NULL,
  `account` varchar(12) DEFAULT NULL,
  `password` varchar(50) DEFAULT NULL,
  `phone` int(10) DEFAULT NULL,
  `email` varchar(60) DEFAULT NULL,
  `birthday` date DEFAULT NULL,
  `gender` tinyint(1) DEFAULT NULL,
  `address_city_id` int(10) DEFAULT NULL,
  `address_cityarea_id` int(10) DEFAULT NULL,
  `address_street` varchar(200) DEFAULT NULL,
  `create_date` datetime DEFAULT NULL,
  `valid` tinyint(1) DEFAULT NULL,
  `update_time` datetime DEFAULT NULL,
  `is_delete` tinyint(1) NOT NULL DEFAULT 0
) ENGINE=InnoDB DEFAULT CHARSET=utf8mb4 COLLATE=utf8mb4_general_ci;

--
-- 傾印資料表的資料 `users`
--

INSERT INTO `users` (`id`, `user_name`, `type_id`, `level_id`, `account`, `password`, `phone`, `email`, `birthday`, `gender`, `address_city_id`, `address_cityarea_id`, `address_street`, `create_date`, `valid`, `update_time`, `is_delete`) VALUES
(1, '李佳豪', 2, 3, 'jiahao293', '827CCB0EEA8A706C4C34A16891F84E43B', 962914873, 'jia_hao@test.com', '1989-02-27', 1, 1, 1, '復興', '0000-00-00 00:00:00', 0, '2024-08-23 13:33:50', 1),
(2, '鄧志明', 2, 2, 'zhiming432', '827CCB0EEA8A706C4C34A16891F84E27B', 962748051, 'zhi_ming@test.com', '1965-06-20', 1, 0, 0, '', '0000-00-00 00:00:00', 1, '0000-00-00 00:00:00', 1),
(3, '林秀蓉', 2, 1, 'xiurong657', '827CCB0EEA8A706C4C34A16891F84E46B', 916582974, 'xiu_rong@test.com', '1978-05-14', 2, 9, 190, '復興', '0000-00-00 00:00:00', 1, '2024-08-22 00:00:00', 1),
(4, '王建華', 2, 3, 'jianhua364', '827CCB0EEA8A706C4C34A16891F84E33B', 945273068, 'jian_hua@test.com', '1976-05-08', 1, 0, 0, '', '0000-00-00 00:00:00', 1, '2024-08-22 00:00:00', 1),
(5, '馬國輝', 2, 3, 'guohui296', '827CCB0EEA8A706C4C34A16891F84E53B', 986743912, 'guo_hui@test.com', '1967-08-31', 1, 8, 179, '復興', '0000-00-00 00:00:00', 1, '2024-08-22 00:00:00', 1),
(6, '胡雅雯', 2, 3, 'yawen714', '827CCB0EEA8A706C4C34A16891F84E22B', 916794832, 'ya_wen@test.com', '1992-02-11', 2, 15, 319, '', '0000-00-00 00:00:00', 1, '2024-08-22 00:00:00', 1),
(7, '葉子豪', 2, 3, 'zihao184', '827CCB0EEA8A706C4C34A16891F84E23B', 924871690, 'zi_hao@test.com', '1977-07-09', 1, 0, 0, '', '0000-00-00 00:00:00', 1, '0000-00-00 00:00:00', 1),
(8, '劉麗華', 2, 3, 'lihua973', '827CCB0EEA8A706C4C34A16891F84E32B', 934628917, 'li_hua@test.com', '1967-12-15', 1, 0, 0, '', '0000-00-00 00:00:00', 1, '0000-00-00 00:00:00', 1),
(9, '張婉婷', 2, 3, 'wanting985', '827CCB0EEA8A706C4C34A16891F84E44B', 973469081, 'wan_ting@test.com', '1972-10-07', 2, 0, 0, '', '0000-00-00 00:00:00', 1, '0000-00-00 00:00:00', 1),
(10, '馬志宏', 2, 3, 'zhihong952', '827CCB0EEA8A706C4C34A16891F84E21B', 982647315, 'zhi_hong@test.com', '1966-12-30', 1, 0, 0, '', '0000-00-00 00:00:00', 1, '0000-00-00 00:00:00', 1),
(11, '孫慧娟', 2, 3, 'huijuan697', '827CCB0EEA8A706C4C34A16891F84E26B', 956134780, 'hui_juan@test.com', '1971-08-03', 2, 0, 0, '', '0000-00-00 00:00:00', 1, '0000-00-00 00:00:00', 1),
(12, '黃文傑', 2, 3, 'wenjie614', '827CCB0EEA8A706C4C34A16891F84E49B', 947318526, 'wen_jie@test.com', '1973-12-20', 1, 0, 0, '', '0000-00-00 00:00:00', 1, '0000-00-00 00:00:00', 1),
(13, '吳文傑', 2, 3, 'wenjie904', '827CCB0EEA8A706C4C34A16891F84E15B', 921956478, 'wen_jie@test.com', '1978-01-22', 1, 0, 0, '', '0000-00-00 00:00:00', 1, '0000-00-00 00:00:00', 1),
(14, '張建中', 2, 3, 'jianzhong589', '827CCB0EEA8A706C4C34A16891F84E9B', 947102938, 'jian_zhong@test.com', '1972-02-14', 1, 0, 0, '', '0000-00-00 00:00:00', 1, '0000-00-00 00:00:00', 1),
(15, '楊國豪', 2, 3, 'guohao456', '827CCB0EEA8A706C4C34A16891F84E13B', 987264503, 'guo_hao@test.com', '1975-03-19', 1, 0, 0, '', '0000-00-00 00:00:00', 1, '0000-00-00 00:00:00', 1),
(16, '趙志剛', 2, 3, 'zhigang506', '827CCB0EEA8A706C4C34A16891F84E41B', 948321759, 'zhi_gang@test.com', '1996-08-22', 1, 0, 0, '', '0000-00-00 00:00:00', 1, '0000-00-00 00:00:00', 1),
(17, '徐海峰', 2, 3, 'haifeng236', '827CCB0EEA8A706C4C34A16891F84E17B', 947326814, 'hai_feng@test.com', '1969-08-07', 1, 0, 0, '', '0000-00-00 00:00:00', 1, '0000-00-00 00:00:00', 1),
(18, '林嘉欣', 2, 3, 'jiaxin329', '827CCB0EEA8A706C4C34A16891F84E14B', 918743052, 'jia_xin@test.com', '1994-12-05', 2, 0, 0, '', '0000-00-00 00:00:00', 1, '0000-00-00 00:00:00', 1),
(19, '林靜怡', 2, 3, 'jingyi140', '827CCB0EEA8A706C4C34A16891F84E42B', 956483721, 'jing_yi@test.com', '1970-12-03', 2, 0, 0, '', '0000-00-00 00:00:00', 1, '0000-00-00 00:00:00', 1),
(20, '鍾婉婷', 2, 3, 'wanting530', '827CCB0EEA8A706C4C34A16891F84E20B', 973589621, 'wan_ting@test.com', '1973-04-26', 2, 0, 0, '', '0000-00-00 00:00:00', 1, '0000-00-00 00:00:00', 1),
(21, '曹志豪', 2, 3, 'zhihao671', '827CCB0EEA8A706C4C34A16891F84E19B', 964718230, 'zhi_hao@test.com', '1997-11-03', 1, 0, 0, '', '0000-00-00 00:00:00', 1, '0000-00-00 00:00:00', 1),
(22, '劉雅婷', 2, 3, 'yating843', '827CCB0EEA8A706C4C34A16891F84E54B', 918237465, 'ya_ting@test.com', '1997-06-29', 2, 0, 0, '', '0000-00-00 00:00:00', 1, '0000-00-00 00:00:00', 1),
(23, '李志強', 2, 3, 'zhiqiang275', '827CCB0EEA8A706C4C34A16891F84E31B', 923815604, 'zhi_qiang@test.com', '1982-07-25', 1, 0, 0, '', '0000-00-00 00:00:00', 1, '0000-00-00 00:00:00', 1),
(24, '蔡國強', 2, 3, 'guoqiang748', '827CCB0EEA8A706C4C34A16891F84E45B', 987354210, 'guo_qiang@test.com', '1965-03-25', 1, 0, 0, '', '0000-00-00 00:00:00', 1, '0000-00-00 00:00:00', 1),
(25, '周美芳', 2, 3, 'meifang897', '827CCB0EEA8A706C4C34A16891F84E50B', 954826903, 'mei_fang@test.com', '1966-06-23', 2, 0, 0, '', '0000-00-00 00:00:00', 1, '0000-00-00 00:00:00', 1),
(26, '洪美惠', 2, 3, 'meihui492', '827CCB0EEA8A706C4C34A16891F84E56B', 925554111, 'mei_hui@test.com', '1983-07-16', 2, 0, 0, '', '0000-00-00 00:00:00', 1, '0000-00-00 00:00:00', 1),
(27, '謝志遠', 2, 3, 'zhiyuan580', '827CCB0EEA8A706C4C34A16891F84E55B', 923497816, 'zhi_yuan@test.com', '1975-01-10', 1, 0, 0, '', '0000-00-00 00:00:00', 1, '0000-00-00 00:00:00', 1),
(28, '王俊豪', 2, 3, 'junhao469', '827CCB0EEA8A706C4C34A16891F84E39B', 926748913, 'jun_hao@test.com', '1981-11-28', 1, 0, 0, '', '0000-00-00 00:00:00', 1, '0000-00-00 00:00:00', 1),
(29, '陳淑芬', 2, 3, 'shufen541', '827CCB0EEA8A706C4C34A16891F84E52B', 978149205, 'shu_fen@test.com', '1980-02-18', 2, 0, 0, '', '0000-00-00 00:00:00', 1, '0000-00-00 00:00:00', 1),
(30, '王志遠', 2, 3, 'zhiyuan111', '827CCB0EEA8A706C4C34A16891F84E7B', 928431795, 'zhiyuan@test.com', '1990-05-12', 1, 0, 0, '', '0000-00-00 00:00:00', 1, '0000-00-00 00:00:00', 0),
(31, '陳雅雯', 2, 3, 'yawen173', '827CCB0EEA8A706C4C34A16891F84E10B', 956384721, 'ya_wen@test.com', '1999-07-21', 2, 0, 0, '', '0000-00-00 00:00:00', 1, '0000-00-00 00:00:00', 0),
(32, '黃淑芬', 2, 3, 'shufen891', '827CCB0EEA8A706C4C34A16891F84E12B', 975412690, 'shu_fen@test.com', '1980-09-27', 2, 0, 0, '', '0000-00-00 00:00:00', 1, '0000-00-00 00:00:00', 0),
(33, '林美玲', 2, 3, 'meiling890', '827CCB0EEA8A706C4C34A16891F84E30B', 917482936, 'mei_ling@test.com', '1974-11-06', 2, 0, 0, '', '0000-00-00 00:00:00', 1, '0000-00-00 00:00:00', 1),
(34, '鄭欣怡', 2, 3, 'xinyi483', '827CCB0EEA8A706C4C34A16891F84E18B', 956283497, 'xin_yi@test.com', '1984-10-18', 2, 0, 0, '', '0000-00-00 00:00:00', 1, '0000-00-00 00:00:00', 0),
(35, '方建國', 2, 3, 'jianguo528', '827CCB0EEA8A706C4C34A16891F84E29B', 981739264, 'jian_guo@test.com', '1998-01-30', 1, 0, 0, '', '0000-00-00 00:00:00', 1, '0000-00-00 00:00:00', 0),
(36, '陳志宏', 2, 3, 'zhihong382', '827CCB0EEA8A706C4C34A16891F84E51B', 962534718, 'zhi_hong@test.com', '1991-11-04', 1, 0, 0, '', '0000-00-00 00:00:00', 1, '0000-00-00 00:00:00', 0),
(37, '何淑貞', 2, 3, 'shuzhen701', '827CCB0EEA8A706C4C34A16891F84E48B', 935647218, 'shu_zhen@test.com', '1982-04-11', 2, 0, 0, '', '0000-00-00 00:00:00', 1, '0000-00-00 00:00:00', 0),
(38, '楊志成', 2, 3, 'zhicheng521', '827CCB0EEA8A706C4C34A16891F84E35B', 963492751, 'zhi_cheng@test.com', '1988-10-12', 1, 0, 0, '', '0000-00-00 00:00:00', 1, '0000-00-00 00:00:00', 0),
(39, '劉永強', 2, 3, 'yongqiang764', '827CCB0EEA8A706C4C34A16891F84E11B', 962834957, 'yong_qiang@test.com', '1968-04-08', 1, 0, 0, '', '0000-00-00 00:00:00', 1, '0000-00-00 00:00:00', 0),
(40, '陳秀英', 2, 3, 'xiuying712', '827CCB0EEA8A706C4C34A16891F84E40B', 935176204, 'xiu_ying@test.com', '1964-07-11', 2, 0, 0, '', '0000-00-00 00:00:00', 1, '0000-00-00 00:00:00', 1),
(41, '戴秀梅', 2, 3, 'xiumei509', '827CCB0EEA8A706C4C34A16891F84E24B', 932584071, 'xiu_mei@test.com', '1983-09-23', 2, 0, 0, '', '0000-00-00 00:00:00', 1, '0000-00-00 00:00:00', 0),
(42, '吳淑萍', 2, 3, 'shuping318', '827CCB0EEA8A706C4C34A16891F84E38B', 912394876, 'shu_ping@test.com', '1995-04-19', 2, 0, 0, '', '0000-00-00 00:00:00', 1, '0000-00-00 00:00:00', 0),
(43, '李美華', 2, 3, 'meihua312', '827CCB0EEA8A706C4C34A16891F84E8B', 932548710, 'mei_hua@test.com', '1985-11-30', 2, 0, 0, '', '0000-00-00 00:00:00', 1, '0000-00-00 00:00:00', 0),
(44, '鄧子敬', 2, 3, 'zijing278', '827CCB0EEA8A706C4C34A16891F84E25B', 943716892, 'zi_jing@test.com', '1991-05-15', 1, 0, 0, '', '0000-00-00 00:00:00', 1, '0000-00-00 00:00:00', 0),
(45, '蔡麗君', 2, 3, 'lijun758', '827CCB0EEA8A706C4C34A16891F84E16B', 934862901, 'li_jun@test.com', '1987-06-14', 2, 0, 0, '', '0000-00-00 00:00:00', 1, '0000-00-00 00:00:00', 0),
(46, '張雅婷', 2, 3, 'yating847', '827CCB0EEA8A706C4C34A16891F84E36B', 975284130, 'ya_ting@test.com', '1969-09-17', 2, 0, 0, '', '0000-00-00 00:00:00', 1, '0000-00-00 00:00:00', 0),
(47, '陳佩玲', 2, 3, 'peiling361', '827CCB0EEA8A706C4C34A16891F84E28B', 974523109, 'pei_ling@test.com', '1986-03-27', 2, 0, 0, '', '0000-00-00 00:00:00', 1, '0000-00-00 00:00:00', 0),
(48, '李宗豪', 2, 3, 'zonghao239', '827CCB0EEA8A706C4C34A16891F84E47B', 928471309, 'zong_hao@test.com', '1994-09-09', 1, 0, 0, '', '0000-00-00 00:00:00', 1, '0000-00-00 00:00:00', 0),
(49, '黃淑慧', 2, 3, 'shuhui682', '827CCB0EEA8A706C4C34A16891F84E34B', 956812379, 'shu_hui@test.com', '1993-03-01', 2, 0, 0, '', '0000-00-00 00:00:00', 1, '0000-00-00 00:00:00', 0),
(50, '李文豪', 2, 3, 'wenhao670', '827CCB0EEA8A706C4C34A16891F84E37B', 987649102, 'wen_hao@test.com', '1979-06-05', 1, 0, 0, '', '0000-00-00 00:00:00', 1, '0000-00-00 00:00:00', 0),
(51, '李佳豪', 2, 3, 'qwer', '962012d09b8170d912f0669f6d7d9d07', 987654321, '', '0000-00-00', 0, 0, 0, '', '2024-08-22 00:00:00', 1, '2024-08-22 00:00:00', 0),
(52, 'asdf', 2, 3, 'asdf', '912ec803b2ce49e4a541068d495ab570', 939745878, 'qergqeg@gfsw', '2016-02-02', 1, 5, 116, '復興', '2024-08-22 00:00:00', 1, '2024-08-22 14:59:38', 0),
(53, '楊喬伊', 2, 3, 'chiao', 'c2c8e798aecbc26d86e4805114b03c51', 987654312, 'deer7127@gmail.com', '1997-12-27', 1, 6, 147, '新生路', '2024-08-22 00:00:00', 0, '2024-08-22 16:05:11', 0),
(54, '測試', 1, 3, 'test', '098f6bcd4621d373cade4e832627b4f6', 987654321, 'qergqeg@gfsw', '0000-00-00', 0, 0, 0, '', '2024-08-23 11:49:19', 1, NULL, 0),
(55, '李佳豪', 1, 3, 'KKK', '5ce8b4e33c2362213dc22f6c908a46c6', 987654321, '', '2024-03-06', 0, 15, 319, '復興', '2024-08-23 13:57:15', 1, NULL, 1);

-- --------------------------------------------------------

--
-- 資料表結構 `user_level`
--

CREATE TABLE `user_level` (
  `level_id` int(10) NOT NULL,
  `level_name` varchar(12) DEFAULT NULL
) ENGINE=InnoDB DEFAULT CHARSET=utf8mb4 COLLATE=utf8mb4_general_ci;

--
-- 傾印資料表的資料 `user_level`
--

INSERT INTO `user_level` (`level_id`, `level_name`) VALUES
(1, '金'),
(2, '銀'),
(3, '銅');

-- --------------------------------------------------------

--
-- 資料表結構 `user_type`
--

CREATE TABLE `user_type` (
  `type_id` int(10) NOT NULL,
  `type_name` varchar(12) DEFAULT NULL
) ENGINE=InnoDB DEFAULT CHARSET=utf8mb4 COLLATE=utf8mb4_general_ci;

--
-- 傾印資料表的資料 `user_type`
--

INSERT INTO `user_type` (`type_id`, `type_name`) VALUES
(1, '系統管理員'),
(2, '一般會員');

--
-- 已傾印資料表的索引
--

--
-- 資料表索引 `address_city`
--
ALTER TABLE `address_city`
  ADD PRIMARY KEY (`address_city_id`);

--
-- 資料表索引 `address_cityarea`
--
ALTER TABLE `address_cityarea`
  ADD PRIMARY KEY (`address_cityarea_id`);

--
-- 資料表索引 `users`
--
ALTER TABLE `users`
  ADD PRIMARY KEY (`id`);

--
-- 資料表索引 `user_level`
--
ALTER TABLE `user_level`
  ADD PRIMARY KEY (`level_id`);

--
-- 資料表索引 `user_type`
--
ALTER TABLE `user_type`
  ADD PRIMARY KEY (`type_id`);

--
-- 在傾印的資料表使用自動遞增(AUTO_INCREMENT)
--

--
-- 使用資料表自動遞增(AUTO_INCREMENT) `address_city`
--
ALTER TABLE `address_city`
  MODIFY `address_city_id` int(10) NOT NULL AUTO_INCREMENT, AUTO_INCREMENT=23;

--
-- 使用資料表自動遞增(AUTO_INCREMENT) `address_cityarea`
--
ALTER TABLE `address_cityarea`
  MODIFY `address_cityarea_id` int(10) NOT NULL AUTO_INCREMENT, AUTO_INCREMENT=369;

--
-- 使用資料表自動遞增(AUTO_INCREMENT) `users`
--
ALTER TABLE `users`
  MODIFY `id` int(10) NOT NULL AUTO_INCREMENT, AUTO_INCREMENT=56;

--
-- 使用資料表自動遞增(AUTO_INCREMENT) `user_level`
--
ALTER TABLE `user_level`
  MODIFY `level_id` int(10) NOT NULL AUTO_INCREMENT, AUTO_INCREMENT=4;

--
-- 使用資料表自動遞增(AUTO_INCREMENT) `user_type`
--
ALTER TABLE `user_type`
  MODIFY `type_id` int(10) NOT NULL AUTO_INCREMENT, AUTO_INCREMENT=3;
COMMIT;

/*!40101 SET CHARACTER_SET_CLIENT=@OLD_CHARACTER_SET_CLIENT */;
/*!40101 SET CHARACTER_SET_RESULTS=@OLD_CHARACTER_SET_RESULTS */;
/*!40101 SET COLLATION_CONNECTION=@OLD_COLLATION_CONNECTION */;
